yorum,aspect,sentiment,tahmin
Gayet güzel ve ideal bir genişliği var bi sıkıntısı çıkmadı şuana kadar tavsiye ederim🥰,genel,pozitif,pozitif
"Kusurlu mal satılıyor, almayın uyarıyorum sizleri. Aynı mağduriyeti yaşamanızı istemem. Bataryası ölmüş, şarja takılmadan çalışmayan bilgisayar satıyorlar. Tren",kalite,negatif,negatif
İnanılmaz memnunum iyi ki almışım dediğim şeylerden biri oldu. Paketleme çok güzeldi ve çok hızlı geldi. Teşekkürler Trendyol.,ambalaj,pozitif,pozitif
güzel cihaz kurlumu kolay oldu ancak biraz kasıyor ama iş görür,genel,negatif,pozitif
Sevgili Eşime Hediye aldım çok beğendi teşekkür ederim trendyol & teknosa hızlı kargo harika iphone,kargo,pozitif,pozitif
Ürün hızlı bir şekilde elime ulaştı.cihaz günlük işler için gayet yeterli ve kullanışlı fazla bi şey beklemek doğru olmaz.tasarımı şık ve güzel fiyat performans,genel,pozitif,pozitif
Hızlı kargo. Ürüne gelecek olursak. Bas sesi baskın şarkı sözleri arkadan geliyor gibi. Kulağa güzel oturuyor bir sıkıntı olursa yazarım. İdare eder bir ürün. 3,ses_goruntu,notr,pozitif
Faturamı istiyorum ben aldığım şeyin faturasını parayı ödeyince almam lazım değilmi e faturaysa e mailime atılması lazım hemen neden bekliyorum hemen faturamın,fiyat,notr,notr
gayet iyi kargoda gayet güzel gelsi,genel,pozitif,pozitif
Manavdan meyve almıyoruz paketlemeye özen gösterin lütfen,ambalaj,negatif,negatif
Babama aldık memnun,genel,pozitif,pozitif
Bilgisayar güzel ama mause hediye denildi gelmedi,genel,pozitif,negatif
Ürün görseldeki gibi geldi yalnız sorduğum sorulara cvpları hala beklemekteyim ürünün ses kalitesi ve kullanımı kolay kargo biraz zaman alıyor müşteri hizmetler,ses_goruntu,notr,pozitif
Verdigim her bir liraya yazık ettim. Iphone = kalite yalanını bizzat yaşıyorum bir  güncelleme yaptı ki artık telefon ile konuşma yapmak hayal oldu hat yok ibar,kalite,negatif,negatif
Muazzam bir ürün trendyoldan en uygun fiyata aldım sorgulattım ürün orijinal bir sıkıntısı yok çok beğendim,fiyat,pozitif,pozitif
çok güzel şarjı 1 hafta gidiyor nerdeyse ama biraz cızırtılı ses veriyor,ses_goruntu,negatif,pozitif
müzik dinlemek için gayet iyi şarj süresi çok iyi ancak konuşma konuşunda karşı tarafa ses iletimi çok kötü çevre sesi iletiyor konuşan kişinin sesi bozuk şekil,ses_goruntu,negatif,pozitif
Açılmamış kutu gedi iyiydi,ambalaj,pozitif,pozitif
Araş kargo ile lütfen çalışmayın. İşine saygısı olmayan liyakatsiz disiplinsiz sorumsuz bir sirket ve çalışanları var. 1.000 km lik yolu 3 günde geliyor ama 100,kargo,negatif,negatif
Ürün mükemmel çok hızlı kaliteli tasarım şık fıyatıda uygun,genel,pozitif,pozitif
Fiyat performans ürünü,fiyat,notr,notr
Çok kullanışlı,genel,notr,notr
çok güzel şarjı 1 hafta gidiyor nerdeyse ama biraz cızırtılı ses veriyor,batarya,pozitif,pozitif
Güzel büyük kolaylık ve kablolu kulaklıktan sonra ses kalitesi muazzam ama sanki hızlı şarjı bitiyor,ses_goruntu,pozitif,pozitif
Ürün guzel paketlenmiş bir sekilde elime ulaştı  tunun içinden Salatalık değil.  samsung A24  128 gb. 4 Ram Açıklaması. Fatura Çıkmadı içinden. Elektronik fatur,kargo,pozitif,pozitif
"Garantisi başlamış ürün gönderildi, faturada yer alan imei bilgisi ve eklediğim görseller aynıdır. Güvenerek almayın. Konuyla ilgili yasal süreçleri başlatacağı",genel,negatif,notr
Fiyatına göre iyi ince kolay taşınabilir şarj aleti çok hafif kullanışlı ekran açılım özelliği de çok iyi özellikler olarak bu fiyata çok iyi,genel,pozitif,pozitif
ürün hepsi geldi ama şarz aleti Yok,genel,negatif,negatif
sesi çok kötü birde iadeyi kabul etmediler,ses_goruntu,negatif,negatif
Ses kalitesi kullanışlılık harika ancak bir kere yere düşürmemde hemen kulaklık çizildi sorun oluşturmuyor olmasına rağmen kullanırken dikkatli olmak gerekiyor,ses_goruntu,pozitif,pozitif
Hiç güzel değil bağlanmıyor bile şikayetçi olucam bozuk ürün gönderiyorlar,genel,negatif,negatif
Ürünün paketlemesi çok guzeldi çanta şeklinde karton bi kutuda gonderdiler laptop cantasi olmasa daha taşımak açısından guzel ve özenliydi. Casper zaten bilindi,ambalaj,pozitif,pozitif
Sorunsuz geldii çok hoşş 🥰,genel,pozitif,pozitif
Ne demek yalnızca 1 adet alabilirim,genel,notr,notr
"paranızı çöp etmeyin kesinlikle almayın daha alalı bir ay olmadı kendi kendine ses gidiyor geri gelmiyor, film izlerken donuyor ekran, sarji 5 dakikada bitiyor",batarya,negatif,negatif
tahmin ettiğinden çok daha iyi ve hızlı geldi 2 gunde elime ulaştı güzelce  paketlenmişti kullanmaya devam edecem bir sorun olursa yorumumu guncellerim,ambalaj,pozitif,pozitif
Ürün sağlam eksiksiz geldi çok güzel paketleme teşekkür ederim güvenle almanızı tavsiye ederim,ambalaj,pozitif,pozitif
oğluma  hediye aldım,genel,notr,pozitif
Gelen ürünün garantisi 6 ay görünüyor. Neden 24 ay olmadığını anlayamadım. Satıcı da asistan da sorunumla ilgilenmedi.,genel,negatif,negatif
aşırı güzel apple kalitesini hicbir seye değişmem ben bi sıkıntı yasamadım garanti konusunda vs sadece dizi ve video izlemek icin kullanıyorum,kalite,pozitif,pozitif
"Annem için aldık kullanımı gayet basit, kargo paketleme her şey gayet sağlamdı",kargo,pozitif,pozitif
Güzel paketlenmiş hızlı kargo teşekkürler,ambalaj,pozitif,pozitif
Guzel telefon 3 4 sene rahat goturur ama kargo cok kotu bi adet pat pat 1 kutu sadece  cihaz gonderiyosunuz biraz daha onem alsaniz iyi olur,ambalaj,notr,negatif
"Ürünü yeni almama rağmen garantisi başlatılmış görünüyor. Onun dışında herhangi bir sıkıntısı yok, ses kalitesi çok iyi",ses_goruntu,negatif,pozitif
Ablama doğum günü hediyesi olarak aldım çok mutlu oldu sorunsuz geldi paketleme güzeldi,ambalaj,pozitif,pozitif
idare eder.,genel,notr,notr
2. Nesil sipariş ettim 1. Nesil yollanmış,kalite,negatif,negatif
Telefon çok güzel geldi beğendim tavsiye ediyorum,genel,pozitif,pozitif
Çok güzel sesi her şeyi çok teşekkür ederim bayıldım🩷iyiki almışım iyiki🌸🧁,genel,pozitif,pozitif
kazasız bir şekilde iPhone sağlam teslim aldık teşekkür ederiz emeği geçen herkese saygılar sevgiler diliyorum,kalite,pozitif,pozitif
çok iyi bir ürün şarjı çok uzun dayanıyor. tavsiye ederim.,genel,pozitif,pozitif
Muhteşem bir ürün kesinlikle almalısınız bağlantı hızı ses kalitesi çok iyi çok beğendim 👏👏👏,ses_goruntu,pozitif,pozitif
Ürün hızlı ve sağlam geldi. Kullanımı çok rahat.,kalite,pozitif,pozitif
Ürün kaçak çıktı bir yıl sonra,genel,negatif,negatif
sorunsuz tskler,genel,pozitif,pozitif
Çift hat var yazıyor özelliklerde nereye takıcam bulamadm,genel,notr,negatif
Sesi çok az ekranı iyi değil pek beğenmedim maalesef,ses_goruntu,negatif,negatif
Ürün sağlam geldi. Çalışıyor fakat içinde şarj kablosu yoktu. Yani iadeyle uğraşmayacağım ama hoş değil. Dikkatli olmak gerekiyor,kalite,pozitif,negatif
200-300₺ için orijinal sitesinden almadığıma pişmanım. Geldiğinde şarjı %0’dı beni biraz şüphelendirdi yenilenmiş olabileceğine dair. Genel olarak ürünü de beğe,kalite,negatif,pozitif
sorunsuz geldi paketleme sağlam yapılmıştı satıcıya teşekkürler...,kargo,pozitif,pozitif
güzel aldığımdan beri kere tek şarja taktım 1 aydır aldım ürünü gürültü de önlüyor kulakdan da düşmüyor kolay kolay.,ses_goruntu,pozitif,pozitif
Arkadaşlar almayın sol kulağa oturdu ama sağa oturmadı airpods 2.nesil buna göre hem daha estetik hemde daha güzel oturuyordu kulakta artı kafa hareketleri çalı,genel,negatif,notr
iyiki almışım gerçekten çok iyi. paketleme normaldi ürün baya güzel iş görür...,genel,pozitif,pozitif
Kızıma hediye olarak aldım 2 aydır kullanıyor. Çok memnun. Kaliteli telefon kesinlikle. Hızlı şarj oluyor ve uzun süre şarjı gidiyor.,kalite,pozitif,pozitif
ses kalitesi falan mükemmel herkese tavsiye ederim ben severek kullanıyorum,ses_goruntu,pozitif,pozitif
uygun diye almıştım ilk açtığımda ekran karıncalandı bekledim defalarca başa sardı asla açmadı. sizi bilmem ama bu tür şeyleri gidip mağazadan almak daha iyi.,genel,negatif,pozitif
beklediğimden iyi geldi çok iyi paketlenmiş,ambalaj,pozitif,pozitif
kargo hızlı paketleme guzeldi,kargo,pozitif,pozitif
Güzel telefon beklediğim gibi tek sorunu geldiğinde önce şarj etmek istedim ısıdan dolayı şarj uyarısı verdi kullandıkça güncelleme yapacağım,batarya,negatif,negatif
anneme hediye aldım çok memnun,genel,pozitif,pozitif
Mouse yollanmamış hediye olarak yazıyor ama kargoda ürün yoktu,genel,negatif,negatif
ürün güzel gayet klasik apple kalitesi ama paketleme ozensiz patpata bile sarılmamıs kargocu abi ulasamayınca balkona atmis sagolsun sans eseri calisiyor resmen,kargo,negatif,pozitif
fiyatına göre çok iyii,genel,pozitif,pozitif
ben aldıktan sonra fiyatı düştü,fiyat,negatif,negatif
kapağı sorunlu geldi aldıktan hemen sonra 1000 lira indirime girdi.,fiyat,negatif,notr
cihaz garantisi 7 ay önce başlamış,genel,negatif,notr
Ürünlerin kutusu yırtık geldi kesinlikle güvenilir bir firma değil puanına göre fazla paraya burdan aldım ama tam bir pişmanlık kaç defa msj yolladım ama maales,fiyat,negatif,negatif
Çok memnunum yaklaşık 3 aydır kullanıyorum güvenilir alabilirsiniz,genel,pozitif,pozitif
telefon sağlam geldi anneme aldık kamerası baya iyi güvenerek alabilirsiniz,ses_goruntu,pozitif,pozitif
Ürünün sağ kulaklığı bozuk geldi hemen satıcıya yazdım iade veya değişim sağlanamayacağını söylediler sıfır alınan ürünün suan yetkili servise giderek onarım ya,genel,negatif,negatif
Çok güzel geldi paketleme çok güzel hızlı bir şekilde elime ulaştı sorunsuz ve orijinal tavsiye ediyorum,kalite,pozitif,pozitif
Hızlı ve ambalajı sağlam sıkıntısız bir şekilde geldi ve memnunum,genel,pozitif,pozitif
ürünün ses kalitesi çok güzel gerçekten dışarıyla bağlantını kesiyor çok memnundum şarjı da çook uzun gidiyor ama alalı daha 3 ay olmadan sol kulaklık hiçbir se,ses_goruntu,pozitif,pozitif
Ürün anlatıldığı gibi geldi sorunsuz bi şekilde elimize ulaştı e fatura meilime geldi alalı 4 ay oldu genel olarak satıcıdan memnunum bidaha ürün alacak olursam,genel,pozitif,pozitif
"dikkat edin ürün sahte,almayın",kalite,negatif,negatif
Ben aldıktan 1 gün sonra fiyatı 300 tl düştü inanılmaz sinirim bozuldu. Paketleme de şaka gibiydi sanki telefon değildi çorap aldık öyle bir paket,genel,negatif,negatif
samsung galaxy a24 aldım oğluma bugün geldi ama içinden sarj adaptörü ve kablosu yok koskoca samsung bu kadar dustumu yazık okadar para ver bide sadece iki tara,fiyat,negatif,negatif
sorunsuz geldi beğendim ama keşke şarj başlığı olsaydı,genel,pozitif,pozitif
hızlı teslimat paketlemesi baya İyi güzel görünüyor  fiyatına göre çok iyi alınır,genel,pozitif,pozitif
Kutunun içinde garanti belgesi yok,genel,negatif,negatif
Ürün güzel ses kalitesi iyi ama 1 sene sonra şarjı 10 dakika dayanmıyor pil ömrü bitiyor,ses_goruntu,pozitif,negatif
Telefona söylenecek lafım yok ztn paketleme falan iyiydi ama tam 5 günde geldi ondan dolayı 2 yaldız,kargo,notr,pozitif
Kargo hızlı teslim edildi. Lakin içerisinden kulaklık çıkmadı ve sesi dışarı oldukça yansıtıyor.,ses_goruntu,negatif,pozitif
Hasarsız geldi paketleme çok iyiydi teşekkür ederim,kargo,pozitif,pozitif
Annemle babama hediye aldım kendim görmedim ama beğendiklerini söylediler,genel,pozitif,negatif
"Tek kelime ile harika, kaplaması ambalajı, kargoya veriliş hızı mükemmel",ambalaj,pozitif,pozitif
paketleme ve kargo hızı mükemmel sesi az çıkıyordu fakat ayarlardan hareket kısmınd herhangi bir şey atayın ses artırmaya sesi çok iyi oluyor bilginize,ses_goruntu,negatif,pozitif
"teslimat denildiği tarihte geldi, teslimat konusunda memnun kaldım telefonu da e devlet üzerinden imei sorgulama ile teyit ettim, herhangi bi yerinde çizik vs y",kalite,negatif,pozitif
bugun elime ulastı gerçekten bu kadarını beklemiyordum ses kalitesi fln harika bukadar ucuz olupta çok pahalı kulaklıkta değer bence sadece daha arama yapamadım,ses_goruntu,pozitif,pozitif
En çok satan 1. Sırada oldugu için hiç düşünmeden sipariş vermiştim fakat sesi çok az veriyor çakma aplee almıştım 300 e o daha fazka veriyor arasında ciddi far,ses_goruntu,negatif,negatif
bu üründen 3 tane aldım tam olarak 3 tane ilk gelen kutusndsn açtığım gibi sağ taraftan ses gelmiyordu iade ettim 2. si ı nasıl olduysa bir anda kulaklığın iki,genel,negatif,negatif
Sesi kalitesi çok iyi daha önce niye almamışım dedirtti güzel bir konfor.,kalite,pozitif,pozitif
sağlam geldi şarz iyi bulutut bağlantı var...,kalite,pozitif,pozitif
"Yani yorumlara güvenerek aldım, çok merak ediyorum sesi bu kadar az olan bir kulaklık nasıl bu kadar beğeniliyor? Resmen sesi yok. Yanımda eşim kulaklık takılıy",ses_goruntu,negatif,negatif
sesi çok az,ses_goruntu,negatif,negatif
Sorunsuz geldi güzel ürün,kargo,pozitif,pozitif
Fiyatına göre iyi ama ses çok çıkmıyor o durumu beğenmedim,ses_goruntu,notr,negatif
Hızlı ve güzel bir paketleme ile elime ulaştı çok teşekkürler tavsiye ederim,genel,pozitif,pozitif
bir sorun çıkmadı alınabilir,genel,pozitif,notr
Merhaba kargo hiç özenli yapılmamıştı boş bir kutunun içine konulmuştu sadece kenarlarına koruma koyulması gerekirdi ki içinde elektronik bir ürün var sarsılmam,kargo,notr,notr
ASUS ASUS ASUSU,genel,notr,pozitif
Ürün elime çok güzel bir şekilde ulaştı hiç tereddüt etmeden alabilirsiniz görseldekiyle birebir aynı ve çok güzel..,genel,pozitif,pozitif
iyi iyi iş görüyor.,genel,pozitif,pozitif
Sevgilim için aldım çok mutlu oldu kendimede alacağım teşekkürler kargo hızlıydı 😻,kargo,pozitif,pozitif
Ses güzel ama şarj problemi var. Az kullanmama rağmen tek kullanışta şarjı bitiyor en ihtiyacım olan yerde bir bakıyorum şarjı yok. Sabah 100 olan şarj 2 saat b,batarya,negatif,negatif
Ürün görseldeki gibi Fiyatı uygun çocuklar icin aldık kullanışlı uygun fiyata bilgisayar almayı düşününen için ideal tavsiye ederim.,fiyat,pozitif,pozitif
İlgi alaka sıfırr,genel,negatif,negatif
Ürün kusurlu gönderildi..açıldığında şarjı %1di birkaç saat durmasına rağmen dolmadı servis öneriliyor uyarısı verdi. Ayrıca daha yeni aldığım ürünün 2 yıl gara,batarya,negatif,negatif
Çok güzel geldi paketleme çok güzel hızlı bir şekilde elime ulaştı sorunsuz ve orijinal tavsiye ediyorum,kargo,pozitif,pozitif
Elime sorunsuz ulaştı paketlemesi de iyiydi teşekkürler,kargo,pozitif,pozitif
Ürün bozuk geldi iade aldılar ama pili vs bozuk geldi görmeden almayın buradan 2020 çıkışlı alıp stoğa koymuşlar garantisi de bitmek üzere  geldi,kalite,negatif,negatif
Fiyatı aşırı yükselttiler aldım şimdi indirime girmiş 2000 tl zarara girdim şaka gibi bence orijinalde değil,fiyat,notr,negatif
Çok beğendim büyük telefondan geçiş yaptım gayet kullanışlı,genel,pozitif,pozitif
İlk defa bır üründen pişman oldum bozuk ürünü satıp 3 defa ıyade gonderdım her defasında retedildi  bu fırmadan uzak durun bence,genel,negatif,negatif
Fiyat performans ürünü 👌,fiyat,notr,pozitif
kaliteli ve güzel geldi.,kargo,pozitif,pozitif
Nestech satıcısından aldığım ürünü seri numarasından kontrol edebildim fakat garanti süresinin bitmesine bir ay kaldığını gösteriyor kulaklığın şarj kutusunda d,batarya,negatif,negatif
sesi harika görünüsü zaten süper iyki almısım tereddütte olanlar düsünmeden alabilir,genel,pozitif,pozitif
kargo içeriğinde faturaya rastlamadım. telefon kutusunu açmadım. kutu içindemi fatura.,kargo,notr,negatif
fiyat performans ses kalitesi gayet yeterli şarjıda iyi dayanıyor bu fiyata düşünmeden alınıcak ürün (ıphone telefonlarsa ses daha yüksek çıkıyor),batarya,pozitif,pozitif
Direk kullandım çok memnunum kaldım tavsiye ederim herkese,genel,pozitif,pozitif
çok güzel  oğluma aldm begendi,genel,pozitif,pozitif
gayet güzel bir telefon alabilirsiniz sorunsuz geldi,genel,pozitif,pozitif
Youtubedan video izlerken bile kasıyor bazen memnun kalmadım ne beklediğinize bağlı.,genel,negatif,negatif
teşekkürler,genel,pozitif,pozitif
"oğluma aldık. çok memnun, çok kullanışlı. ev kullanıcısı için harika. hızlı teslimat için teşekkürler.",kargo,pozitif,pozitif
Ürün tabiki orjinal sesi bası fevkalade mikrofon konusunda da çok başarılı bazıları linçlemişti mikrofonu iyi değil diye ama öyle bir sorun yaşamadım düşünmeden,kalite,negatif,pozitif
Telefon cok iyi bu fiyata alınabilecek en iyi telefon kesinlikle hem de samsung kalitesiyle..tek dezavantajı sarj adaptörü cıkmaması..onun dışında tavsiye edili,genel,pozitif,pozitif
amcamın oğlu na aldık çok beğendi trenyol hem uygun heme kolay ulaşılıyor sparişleri hıc ihmal etmezler teşekkür ederim,fiyat,pozitif,pozitif
Ürün güzel şarjı çok tutuyor. Hızlı şarj oluyor. Ama kulaktan düşüyor çok değil ama yinede düşündürür.,genel,pozitif,pozitif
Çok çok güzel çok beğenerek almıştım zaten boyutu diğer bilgisayarlara göre biraz küçük olsa da ben kendime göre yeterli buluyorum çok pratik ve çok güzel,genel,pozitif,pozitif
"ses kalitesi iyi, dışarıdayken telefonla görüşürken ses iyi gitmiyor ama etrafta ses yoksa iyi iletiyor sesi. fiyat performans kısaca gayet iyi",ses_goruntu,negatif,pozitif
bu fiyata bu ürün normal. güzel,fiyat,pozitif,pozitif
ürünü beğendim tavsiye ederim ama şarj kablosu yok bunu bilgilendirme yapmanız gerekirdi.,genel,pozitif,negatif
1 Ay oldu alalım ilk ses az gidiyordu karşıya şuan da da ses hiç gitmiyor hem de kabında durduk yere sararmalar oldu,ses_goruntu,negatif,negatif
Kargonun korunaklılığı hiç yeterli değildi.,kargo,negatif,negatif
ürün çok beğendim ..,genel,pozitif,pozitif
Ben aldıktan 1 gün sonra fiyatı 300 tl düştü inanılmaz sinirim bozuldu. Paketleme de şaka gibiydi sanki telefon değildi çorap aldık öyle bir paket,ambalaj,negatif,negatif
Ürün güzel bildiğim bir üründü zaten ama paketleme çok kötü o kadar para verip ürün alıyoruz daha koruyucu bir paketleme yapılabilirdi direkt kutuya katıp yolla,ambalaj,negatif,negatif
Ziraat ve enpara gibi bankacılık uygulamalarında donuyor. Mobil internet hızı düşük.,genel,negatif,negatif
Güzel beğendim 👍🏻,genel,pozitif,pozitif
Fiyatına göre iyi ama ses çok çıkmıyor o durumu beğenmedim,fiyat,pozitif,negatif
Lenovo kulaklığım daha dışarı ses vermezken bu efsane ses veriyo. Ama ses kalitesi çok iyi olduğu için devamlı olarak kullanıyorum.,ses_goruntu,pozitif,pozitif
apple kalitesi mükemmel şarj kullanım süresi de harika,batarya,pozitif,pozitif
"2 gün önce teslim aldığım ve kurulumunu hiç yapmadığım ürün, ekranında çökme kaynaklı hatalı ürün olarak tarafıma ulaştı. Teknosa mağazasına gittiğimde ürünle i",kargo,negatif,negatif
Samsung kalitesine  yakışmayan bir cihaz  ucuz diye almayın aynı paraya Xiaomi redmi note serisi bir telefon tercih edin,fiyat,pozitif,negatif
Orjinal paketlemede çok iyi,kalite,pozitif,pozitif
Ürün güzel de içinde kulakşık şarz cihazı yok bunları satın aldımı fiyat avantajı nerde,genel,negatif,pozitif
Başarılı beğendim,genel,pozitif,pozitif
En kaliteli kullanışlı kulaklık herkese tavsiye ediyorum,kalite,pozitif,pozitif
Bir kaç gün önce elime ulaştı bugün kullanmak için açtım çok basit programlar yükledim googlechrome ve capcut bunları bile kaldırmadı o kadar yavaşki laptopu ka,genel,negatif,negatif
Ürünün faturası gelmedi fatura için mail attım geri dönüş te gelmedi.Faturasını gönderirmisiniz lütfen???,genel,negatif,negatif
Üründe arıza var,genel,negatif,negatif
İyiki almışım,genel,pozitif,notr
İş görüyor bişiler izlemek ve ofis işleri için uygun,genel,pozitif,pozitif
Şahane bayıldum uygun fiyat,fiyat,pozitif,pozitif
Şarjı çok hızlı bitiyor tek kötü özelliği bu,batarya,negatif,negatif
Kulaklık güzel tavsiye ederim.,genel,pozitif,pozitif
Babama almıştım gayet memnun telefondan,genel,pozitif,pozitif
bilgisayarım geldi aşırı özenli paketlenmişti ince ve kibar kurulum vs için halledildi biraz yavaş gibi ama fiyatına göre uygun,genel,negatif,pozitif
"Ürün çok iyi.. sorunsuz ve hızlı ulaştı, teşekkürler.. ancak bu meblağaki bir ürün için fiyata kargo ücreti eklemenizi yadırgadım..",genel,pozitif,pozitif
fiyata göre pek iyi değil sesi net değil garantili olması hicaz rahatlatıcı en azından bişey olursa yaptirabiliriz diye düşünüyorum,fiyat,negatif,negatif
"Kargo ile fatura gelmedi, trendyolu aradığımda sorun olmayacağını söylediler ama telefonu satma halinde hoş bir durum değil. Telefon bilindiği gibi. Memnunum",genel,negatif,negatif
güzel cihaz kurlumu kolay oldu ancak biraz kasıyor ama iş görür,genel,pozitif,pozitif
acilen dönüş yaparmisiniz kargomuz geldi ama pin şifre var o ne acill,genel,negatif,negatif
"Sadece patpata sarılıp gönderilmiş 😒.Kutuya bile koyulmamış.Kulaklığı denemedim henüz,umarım sorun yoktur ve orijinaldir",kalite,pozitif,pozitif
fatura gelmedi ilgilenen biri ulaşabilir mi,genel,negatif,notr
ürün arızalı çıktı Tüketici Hakem Heyeti ile birebir değişim kararı verildi 2 Ocak'tan belli ürünün değiştirilmesini bekliyorum Tam 2 aydır Trendyol ürünü değiş,kalite,negatif,negatif
çok yavaş çalışıyor açılması bir saat ama film ders dinlemek için güzel...,genel,negatif,negatif
ürün kusurlu geldi ses kalitesi çok kötü. iade etmek istiyorum fakat ambalajı açıldığı için iadesi olmuyormuş. ikinci el durumuna düşüyormuş. açmadan ses kalite,ses_goruntu,negatif,negatif
Ürün 2 günde elime ulaştı. Orijinal kapalı kutusunda geldi. Ses kalitesi mükemmel yalnız müzik dinlerken kısa süreli ses gidip geliyor. Elektronik arızası var .,genel,pozitif,pozitif
ürün kısa zamanda elime ulaştı teşekkürler,kargo,pozitif,pozitif
alalı  bir buçuk ay oldu çok güzel telefon bi sorun yaşamadım kullanışlı hızlı şarj oluyor kamerası güzel iyi ki almışım diyorum umarım uzun süre benle olur,batarya,pozitif,pozitif
Ürün on numara kulakta rahatız etme yok bazen takılı oldugunu unutuyosun ve sesi cok iyi tavsiye ederim,genel,pozitif,pozitif
Alıp alınabilecek en kötü bilgisayar diyebilirim ekran görüntüsü kötü ses iletimi kötü alır almaz daha açar açmaz kasmalar yaptı günlük çalışan birinin işine bi,genel,negatif,negatif
Ses çok iyi çok hızlı geldi teşekkürler🤗,ses_goruntu,pozitif,pozitif
"SİZLERDEN ALMIŞ OLDUĞUM AİRPODS 2. NESİL 30 DK ÖNCE TESLİM EDİLDİ VE ÜRÜN BOZUK. NE ŞARJ OLUYOR, NE DE KULAKLIKLAR ÇALIŞIYOR. İVEDİLİKLE DESTEK OLMANIZI İSTİYOR",batarya,negatif,negatif
Öncelikle muazzam hızlı bir şekilde elime ulaştı.Yaklaşık 18 saatte elimdeydi telefon.Kargolama biraz daha özenli olabilirdi.Kargonun dışında ezilmeler vardı.Te,kargo,pozitif,pozitif
Apple 13 gibi değil kamerası falan çok farklı eşiminde 13 ü var ama arasında çok fark var orijinal ürün değil gibi belgeleri kaybettiğim için geri gönderimde ya,kalite,negatif,negatif
Kulaklık elime sorunsuz ulaştı ancak garanti kapsam süresi bitmiş şekilde elime ulaştı mecburen trendyol üzerinden sigortalamak zorunda kaldım,kargo,pozitif,negatif
Hızlı teslim aldım ikinci alışım teki babama teki amcama memnunlar bir sorun yok şuanda teşekkürler,genel,pozitif,pozitif
Ürün gayet güzel paketleme iyiydi bir kargo hızlıydı teşekkürler,ambalaj,pozitif,pozitif
kulaklığı telefona bağlayıp kurmak çok kolay. uygulamasından da sesinin ayarlandığı zaman  ses kalitesi çok iyi oluyor. kulaklığın ucununda tıkaç gibi olmasında,ses_goruntu,pozitif,pozitif
çok güzel teslimat da iyidir tavsiye ediyorum garanti belgesi vs var,kargo,pozitif,pozitif
Kaliteli bir ürün fiyatı da uygun,fiyat,pozitif,notr
Bir süredir kullanıyorum çok memnunum,genel,pozitif,pozitif
Çok güzel gerçekten ses kalitesi harika. Sorunsuz bir şekilde geldi ben MediaMarkt satıcısından aldım indirimli olarak gerçekten muhteşem.,fiyat,pozitif,pozitif
hızlı geldi fiyat performans ürünü 1 haftadır kullanıyorum ağır iş kaldırcak bir pc değil office uygulamaları için ideal youtube dan video izlerkende can sıkıcı,genel,pozitif,pozitif
Yeni aldım çok güzel paketlenmiş herhangi bir yerinde kırık çizik vs yok gayet memnun kaldım,kalite,pozitif,pozitif
ki ürünü aldık aynı üründen ve aynı satıcıdan seri numarasına göre ve yetkili servis lenovo'ya göre ürün bozuk iade alındı...,kalite,negatif,negatif
teşekkür ederim Çok hızlı çok güvenli geldi tavsiye ederim,genel,pozitif,pozitif
ürün çok güzel kaliteli harika bişey çok tşk ederim paketleme ve ürün içinde,kalite,pozitif,pozitif
Ekimde dolması gereken garantim nisan ayında bitti bu durumdan şikayetçiyim şuan airpodsum bozuldu ve tamir için para ödemek zorundayım her türlü yola başvuraca,kalite,negatif,negatif
Ürün güzel araştırarak sipariş verdim ancak öğrenci indiriminden yararlanmak için fsturada gerekli bilgilerin olması şart. Faturanın yeniden düzenlenmesi talebi,fiyat,negatif,pozitif
Faturasını epostaya gönderecektiniz hala gelmedi mesaj ne zaman göndereceksiniz,genel,notr,negatif
Sesi kalitesi çok iyi daha önce niye almamışım dedirtti güzel bir konfor.,ses_goruntu,pozitif,pozitif
valla paketleme on numara sağ saglim geldi baya şik ve güzel...,ambalaj,pozitif,pozitif
"Ürün sağlam bir şekilde teslim alındı teşekkür ederim maalesef kutu içeriği şarz kablosu çıkmadı, bundan gerisi güzel çok teşekkür ederim ki beğendim çok iyi iş",genel,pozitif,pozitif
Oğlum için aldım. Ses kalitesini çok beğendi. Severek kullanıyor. Teşekkürler.,ses_goruntu,pozitif,pozitif
esıme hediye aldım. ses kalitesi çok güzel hem müzik dınleme hem telde konuşma hiç sorun yok  tavsıys ederim hıc  pişman olmadım,ses_goruntu,pozitif,pozitif
mukemmel🙏😊,genel,pozitif,pozitif
Ürün dün elime ulaştı kargolama güzeldi hızlı teslimat oldu uygun fiyatlı şimdiye kadar kullandığım en iyi kulaklık diyebilirim bas sistemi çok güzel sesi çok n,ses_goruntu,pozitif,pozitif
Hızlı teslimat özenli kargolama ve ofis işleri için iyi yalnız bilgisayar çok yavaş,kargo,pozitif,pozitif
kurulumunda zorlandım dilini de henüz değiştiremedim ama basit işlevler için gayet yeterli,genel,pozitif,notr
orjinal ürün hızlı teslimat ve diğer satıcılara göre uygun fiyat. insan bı hediye kılıf ekran koruyucu koyardı ama,fiyat,pozitif,pozitif
"Çok kısa sürede elime ulaştı paketlemesi de iyi ürün de güzel tavsiye ederim, teşekkürler",ambalaj,pozitif,pozitif
sürekli kasma yapıyor dönüyor yavaş yavaş çalışıyor bunu nasıl düzeltebilirim,genel,negatif,negatif
Şarj aleti çıkmadı içinden almayın çok kasıyor,batarya,negatif,negatif
"2 gündür kullanıyorum çakma kulaklıktan sonra çok çok iyi geldi, aramalarda da çok güzel karşı taraf ortam gürültülü olsa da  çok iyi duyuyor. GÜNCELLEME KULAĞI",ses_goruntu,pozitif,pozitif
30 bin tl edecek bir cihaz değil teslimat konusu süper hızlı ama cihaz 30 binlik bi cihaz değil,kargo,pozitif,notr
Ürün beklediğimden çok daha güzel geldi paketlemesi de çok iyiydi fiyatı da şimdiki bilgisayarlara göre çok uygun...,fiyat,pozitif,pozitif
kullanışlı ürün uygun fiyata aldım beğenerek kullanıyorum,fiyat,pozitif,pozitif
"1.5 senedir kullanıyorum, 8k fiyatına aldım. ilk aldığımda gayet güzeldi, hala iş görür bir telefon ancak kamerası için öyle söyleyemeyeceğim, bir tane 50mp fot",fiyat,pozitif,pozitif
ürün elime ulaştı fakat şarj aleti yok,kargo,notr,negatif
baya yavas.biraz daha verip daha hizli bisey alinirsa uzun yillar kullanilir.cozunurluk vs de kotu,ses_goruntu,negatif,negatif
ben ürünü iade ettim ucretimi talep ediyorum,genel,negatif,negatif
Sesi çok az ekranı iyi değil pek beğenmedim maalesef,genel,negatif,negatif
SAKIN BURDAN ALMAYIN YEMİN EDİYORUM SEYYAR SATICIDAN 2. EL ALSAYDIM DAHAÇABUK İLGİLENİRLERDİ. 2 HAFTADA BATARYASI ŞİŞTİ EKRAN YERİNDEN ÇIKTI. APPLE DESTEK OLMUY,genel,negatif,negatif
Telefonla konuşurken sesim karşı tarafa gitmiyor sadece dinlemek için alsaydım 300₺’ye çakma olanlarını alırdım ama uğraşmak da istemedim onun dışında aldığımda,ses_goruntu,negatif,notr
çok beğendim hızlıca elime ulaştı ben ders için aldım güvenerek isteyebilirsiniz,kargo,pozitif,pozitif
Sıfır kutusunda çıkarıyorsun o da ne üründe çizikler var. Muhtemelen iade edilen ürünleri paketleyip satıyorlar. Trandyoldan alışveriş yapmayacağım bu son. Mevz,genel,negatif,negatif
Ürün kusurlu şekilde geldi apple çok iyi marka ama bu şekilde olması üzücü yardımcı olmuyolarr,kalite,negatif,negatif
Güzel sorunsuz ulaştı elime teşekkürler,genel,pozitif,pozitif
Daha önce kardeşime almıştım şimdi kendime aldım. Hızlı kargo ve sağlam paketleme. Teşekkürler,kargo,pozitif,pozitif
2 ay olacak alalı çok güzel kullanışlı gayet de güzel paketlenmişti çok tereddüt ettim ama güzel geldi bi sorunu yok,ambalaj,pozitif,pozitif
güzel mükemmel değil ama ortanın bir tık üstü seviyede,genel,pozitif,negatif
küçük bir telefonu kocaman  karton kutuya koyup göndermek.  koruyucu poset dahi yoktu telefon kutunun içerisinde bi oyana bi bur yana sağlıksız geldi kargoda,kargo,notr,negatif
Kesinlikle tavsiye etmiyorum bilgisayarı kurarken hafıza doldu şarjdayken olan şarjıda bitti şuan garantiye gitti ürün şarj 5 dkka bile dayanmıyor,genel,negatif,negatif
"sol kulaklık çalışmadı, şarj almadı, aldığında da 10 dakika içinde bitti kısaca arızalı geldi gurgenclere götürdük yenisini verdiler eşime hediye almıştım doğum",batarya,negatif,negatif
Alalı 20 gün oldu kamera bozuldu ön kamera açılmıyor,kalite,negatif,negatif
"SİZLERDEN ALMIŞ OLDUĞUM AİRPODS 2. NESİL 30 DK ÖNCE TESLİM EDİLDİ VE ÜRÜN BOZUK. NE ŞARJ OLUYOR, NE DE KULAKLIKLAR ÇALIŞIYOR. İVEDİLİKLE DESTEK OLMANIZI İSTİYOR",kalite,negatif,negatif
Çok güzel bir ürün ve kullanışlı,genel,pozitif,pozitif
"Tam fiyat performans bir kulaklık. Günlük kullanımda kesinlikle fazlasıyla is görür. Ebatı biraz küçük ama, bilginiz olsun.",fiyat,pozitif,notr
Gayet kullanışlı. Üni öğrencisiyim,genel,pozitif,pozitif
Güvenilir bir şekilde geldi güzel,genel,pozitif,pozitif
tam istediğim gibi güzel bir şekilde paketlenmiş tavsiye ederim teşekkür ederim 🙂,genel,pozitif,pozitif
Bayıldımmmm… teslim tarihi 7 nisan gösterirken 6 nisanda geldi teşekkür ederim herkese sabırsızlıkla bekliyordum kavuştum alın aldırın fiyat olarakta dışarıya g,fiyat,pozitif,pozitif
Çok iyi ve nazik bir satıcı ilgisinden dolayı kendisine teşekkür ederiz komutanım,genel,pozitif,pozitif
"trendyoldan ve trendyol isimli satıcıdan telefon aldığım güne yazıklar olsun gerçekten. geldiğindeki özensiz paketlemeyi falan geçiyorum. ürünü alalı 2,5 ay old",ambalaj,negatif,negatif
Şarjımın bitmemesie rağmen bağlanmıyor yardımcı olur musunuz,genel,negatif,negatif
telefon guzel kullanışlı ancak içerisinden şarj kablosu çıkmadı,genel,pozitif,negatif
Ses güzel ve sağlam paket elime ulaştı.,kalite,pozitif,pozitif
kaliteli kulaklık kullanan birisi için alt sınıf ürünü olabilir kulaklık bass zayıf tiz zayıf uzun süre taktığın zaman rahatsız da ediyor. fiyatına göre idare e,kalite,pozitif,notr
ürün tam bir FP ürünü eğer öğrenciyseniz çok fazla oyun oynamayacaksanız işinizi görür kasma donma yapmıyor gayet hızlı bir şekilde çalışıyor 1 aya yakın kullan,fiyat,notr,pozitif
ürünün sarjı yokmu,batarya,negatif,negatif
ürün çok güzel ama içinden şarj cihazı çıkmadı,batarya,negatif,negatif
Ürün orijinaldir . Kendim için aldım çok güzel çok beğendim. Kargom da hızlı ve güzel paketlenmişti  teşekkürler 🙏🏻,kalite,pozitif,pozitif
37 k ya aldım ben üzücü,fiyat,negatif,negatif
Ürün bozuk yollandı apple müşteri hizmetletinden defalarca yardım almama rağmen bluetoothu görmüyor,kalite,negatif,negatif
Ürün elime çok hızlıca ulaştı ayrıca çok kaliteli ve sesi çok güzel istediğiniz kadar yükseklikte kaliteli ürün çok teşekkür ederim kolay gelsin hayırlı güzel s,ses_goruntu,pozitif,pozitif
beklediğim gibi tavsiye ederim,genel,pozitif,pozitif
ürünu sadece bir kutuya koyup getirmişler hasarsız geldi a özensiz paketlenmiş,ambalaj,negatif,negatif
Ürünü alalı 2 ay oldu ama kulaklığın teki çalışmıyor satıcının ilgilenmesini istiyorum güncelleme kesinlikle almayın 2 ay içinde bozuldu çok dikkatli kullanmama,genel,negatif,negatif
bilgisayar çok aşırı yavaş. hiç bişey indirmememe  rağmen.,genel,negatif,negatif
Herkesin faceid açılıyor parmak izde de aynısı oldu suan hepsini kaldırıp şifre ile kullanıyorum ne yapmalıyım,genel,notr,negatif
çok hziki geldi çok güzel herkese tavsiye ederim,genel,pozitif,pozitif
Çok güzel 💖❤️‍🔥💖❤️‍🔥💖 satıcıya teşekkür ediyorum hemen kargoya verdi,kargo,pozitif,pozitif
İlk defa bır üründen pişman oldum bozuk ürünü satıp 3 defa ıyade gonderdım her defasında retedildi  bu fırmadan uzak durun bence,kalite,negatif,negatif
İlk başta almak istemedim orijinal ürün gelmez diye ama gönül rahatlıkla alabilirsiniz. Orijinal ve paketleme güzel. Teşekkürler,kalite,pozitif,pozitif
sakın yanılıp almayın pişmanlık gidin iyi birşey alın tablet vs alın ama bu asla hem yavaş hem kendi kendine kapanıyor pişman olursunuz elimden cıkarmaya calısı,genel,negatif,negatif
ürün elimize ulaştiginda açıp kullanmaya başladık ilk gün ekran işiğinin gidip geldiğini göz kırpar gibi olduğunu farkettik hâlâ yardımcı olunmadı garantiyle il,ses_goruntu,negatif,negatif
esime aldikdan sonra annemede siparis  verdik sahane düşünmeden alabilirsiniz,genel,pozitif,pozitif
faturadan dolayı problem yaşadım destekten faydalanamadim,genel,negatif,negatif
süpppper alın aldırın özellikler çok iyi,genel,pozitif,pozitif
Orjinal ürün geliyor bu fiyata başka yerde ... bulursunuz . Xiaomi cihazlarda kapak açtığınız zaman animasyon ile beraber telefonla bağlantı kuruyor parasinin ç,fiyat,pozitif,notr
Ürün hızlı ulaştı elime fakat kapağında trim sıkıntısı var. Ayrıca dokunmatik olarak çalışması gereken (tap’leme) özelliği aktif değil. Kulaklığın her yerine do,kalite,notr,pozitif
"ofiste bu kulağımdayken telefondaki arkadaşım beni duymadığını söyledi , dizi izlerken ekranı kapatınca bazen ses kapanıyor video devam ediyor, fiyat olarak asl",fiyat,notr,notr
1 senede eridi bataryası ses kalitesi normal pek iyi bir çekim gücü yok.,genel,negatif,negatif
paketleme çok iyiydi. verdiği tarihten de önce geldi. çok memnun kaldım tavsiye ederim,genel,pozitif,pozitif
AirPods 2 den geçtim malzeme kalitesi  iyi değil kulakta düşecek gibi duruyor kargo hızlıydı fakat paketleme çok özensizdi airpods 2 bundan daha iyi ve kaliteli,kalite,negatif,negatif
Kulağa oturması güzel ama ses kalitesini ben pek beğenmedim ama iş görür bu fiyata bu kadar,ses_goruntu,notr,pozitif
ürün hafif çizik geldi indirim ve kuponla çok uygun fiyata aldığım icin iade etmedim,kalite,negatif,negatif
Ürün elime ulaştı paketleme çok özenliydi tavsiye ederim...,ambalaj,pozitif,pozitif
Gerçek güzel ve kullanışlı ben yks ye hazırlandığım için almıştım beğendim teşekkür ederim,genel,pozitif,pozitif
Çok güzel bir bilgisayar çok beğendim. İstediğiniz yere çok rahat taşıyabilirsiniz,genel,pozitif,pozitif
"Orjinal Apple ürünü,cihaz çok güzel,kızıma aldım beğenerek kullanıyor.",kalite,pozitif,pozitif
ANNEME YA DA BABAMA DEĞİL KENDİME ALDIM. Ekranı canlı. Şık ve hafif bir telefon. Şarjı yavaş bitiyor ve hızlı şarj özelliği var hemen doluyor fakat içinden adap,batarya,pozitif,pozitif
Babam için aldım gayet kullanışlı paketlemede sağlamdı hayasız geldi,ambalaj,pozitif,pozitif
tlfn geldi güzel ama paketleme sıfır kutunun kapağı yok bide tlfn açılmıyo şarja taktım gene açılmadı  iadeye edicem şimdi,batarya,negatif,negatif
Ürün beklediğimden çok daha güzel geldi paketlemesi de çok iyiydi fiyatı da şimdiki bilgisayarlara göre çok uygun...,genel,pozitif,pozitif
Orijinal ürün geldi teşekkür zamanında kargo teslimatı oldu teşekkürler,kalite,pozitif,pozitif
Ürünü alalı 2 ay oldu ama kulaklığın teki çalışmıyor satıcının ilgilenmesini istiyorum güncelleme kesinlikle almayın 2 ay içinde bozuldu çok dikkatli kullanmama,kalite,negatif,negatif
Çok hızlı geldi çok beğendim cihazi teşekkürler ederim,genel,pozitif,pozitif
Ürün bu kutunun içerisinde telefon da patpata sarılmış şekilde geldi hiçbir kusuru yok telefonumu şuan kullanıyorum mağazadan daha uygun olduğu için hayatımda i,ambalaj,notr,notr
müzik dinlemek için gayet iyi şarj süresi çok iyi ancak konuşma konuşunda karşı tarafa ses iletimi çok kötü çevre sesi iletiyor konuşan kişinin sesi bozuk şekil,genel,negatif,pozitif
Ürün orijinal değil çakma ürün gerekli birimlere başvurup şikayet edeceğim,kalite,negatif,negatif
1 yıldan fazladır kullanıyorum. İyi ki almışım. 🥰🧿,genel,pozitif,notr
Mükemmel görselin aynısı paket leme çok iyi,ambalaj,pozitif,pozitif
aynı kulaklığı bir kaç ay önce de almıştım çok sağlamdı sonra bir gün şarj etmeyi bıraktı bozulmuştu şimdi aynı kulaklığı yine aldım ancak bu sefer çok kısa bir,kalite,negatif,negatif
geldiğin gün ilk kullanımda sesi tek kulaklığı takmama rağmen gayet yüksekti son seste dinleyemiyordum ama sonraki kullanımda sesi birden düştü ikisini takmış o,ses_goruntu,negatif,negatif
şimdilik ofis kullanımı için aldık ve sorunsuz gidiyor.,genel,pozitif,pozitif
Olması gerekenden sadece 1 gün geç geldi. Onun dışında güzel bir ürün paketleme kargo sağlam şekilde elime ulaştı.,ambalaj,pozitif,pozitif
sıfır  telefonun ekranı cizik geldi ve paket açıktı aradım müsteri hizmetlerini bagla satıcıya  dedim öyle bişey yaapamayız diyor telefonun taksiti geldi ve tel,kalite,negatif,negatif
Güvenle alabilirsiniz kardeşime hediye aldım çok beğendik🤍,genel,pozitif,pozitif
belli bir süre guzel kullanimi vardi sonra baglanti sorunlari cikmaya basladi oyunlarda ses aktarimi geriden geliyordu ve 3 aylik kullanilmama sonrasi bir daha,ses_goruntu,notr,negatif
Kuzenim almıştı bende ondan görüp aldım çok hafif ince ve fiyatına göre iyi bir ürün...,fiyat,pozitif,pozitif
İndirimlerle iyi bir fiyata yakalım.çok memnunum,genel,pozitif,pozitif
Tek pişmanlığım gürültü engelliyici almamak keşke onu sipariş verseydim ama aynı özellikler var zaten kaliteli çok severek kullanıyorum,kalite,pozitif,pozitif
Şarj kablosu çıkmaması üzücü. Az para değil gerçekten. Ama kaliteli ve kutu kapalı ve sağlam geldi.,fiyat,pozitif,negatif
Dün aldım Pc Windows 11 yüklü ve kasıyor! Herhangi bir uygulama bastığınızda rahat 10 sn bekliyorsunuz! Güzel şeyleri ise ekranı büyük ve klavyeleri güzel bu ka,ses_goruntu,pozitif,negatif
Ürün elime hızlı ulaştı orjinal ürün ben gareti olsun diye trendyol satıcısından aldım gayet güzel bir kulaklık sesi olsun rahatlığı olsun alabilirsinix,kalite,pozitif,pozitif
ses kalitesi çok iyi değil kulağa biraz zor oturuyor parasına alınırmı bilmiyorum onun dışında iyi aşırı pişman değilim.,ses_goruntu,negatif,negatif
Ürün güzel ses kalitesi iyi ama 1 sene sonra şarjı 10 dakika dayanmıyor pil ömrü bitiyor,batarya,negatif,negatif
Bugün elime geçti çabuk  düzgün paketli idi şu anda kurulumunu yapıyorum satıcıya teşekkürler.,kargo,pozitif,pozitif
gayet güzel şuan sorunsuz bir şekilde kullanıyorum,genel,pozitif,pozitif
amcamın oğlu na aldık çok beğendi trenyol hem uygun heme kolay ulaşılıyor sparişleri hıc ihmal etmezler teşekkür ederim,genel,pozitif,pozitif
sonuna kadar güvenip alabilirsiniz içinde kablosu da var,genel,pozitif,pozitif
Ürün  gayet güzel satıcıya çok teşekkür ederim gayet sağlam ve başarılı bir paketleme olmuş ve kargom çok çabuk geldi güvenle alına bilir tavsiye ederim.,kalite,pozitif,pozitif
Ürün elime ulaştı. Gayet kullanışlı bir cihaz. Kargo paketlemesi iyiydi ama daha korunaklı olabilir. Onun dışında cihaz orjinal .,kalite,pozitif,pozitif
çok isiniyor. kardeşimle beraber aldık ve onun şarj kablosu da bozuk cikti. sıfır ürün bu şekilde olmamali.servise gönderdik ısınma ile ilgili bir çözüm yok kab,kalite,negatif,negatif
Akşam sipariş verdim sabah elime ulaştı. Sadece garantisinde bi sıkıntı var. Altı ayı kalmış görünüyor apple destek ile düzeltmeye çalışıyorum. İlk defa airpods,kargo,pozitif,negatif
Biraz deniyim dedim sesi vs güzel ama şarjı 38 den 33 e düştü hemen normal mi bilmiyorum,ses_goruntu,pozitif,negatif
"en uygun burdaydı, çok hızlı gönderildi baya iyi paketlenmişti. Herhangi bir sorun yaşamadım aylardır kullanıyorum. Şarjı da beklediğimden iyi gidiyor",fiyat,pozitif,pozitif
Ürün 6 ay içinde kullanılmaz hale geldi servis 16 bin tl istedi garantili olmasıda  bir işe taramıyor bu konuda ne yapabilirsiniz,genel,negatif,negatif
"Çok beğendim satıcı Trendyol olduğu için hiç bir sorun yaşamadım, çok hızlı bir şekilde elime ulaştı. Paketleme çok güzeldi.",genel,pozitif,pozitif
Kargolama çok kötü yani 38.binlik telefon alınıyor kutuya katıp gönderiliyor bu kadar da özensiz paketleme olamaz ya kılıfı ayrı sayfadan aldım şans eseri sağla,ambalaj,negatif,negatif
Öğrenci işi güzel,genel,pozitif,pozitif
Ürün geldi fakat kamerası açılmıyor siyah ekran nasıl düzeltebilirim,kalite,negatif,negatif
"bass ayarı falan yapıldığında biraz daha iyi. Aslında genel olarak fiyat performans açısından çok iyi, ama şarkıya kapılmak istiyorsanız sizlik değil bende daha",fiyat,pozitif,pozitif
motoru çok çabuk ısınıyor soğutucu almanızı tavsiye ederim,genel,negatif,pozitif
Garanti süresi aldığım tarihten daha kısa sürede bitiş gösteriyor ek garanti ise işlenmemiş daha 2 yılı dolmadan bitiş gösteriyor aldığınız tarihte fatura kesil,genel,negatif,notr
Paketlemesi çok iyiydi garanti sorgulamasını direkt apple müşteri hizmetleriyle yaptım teşekkürler,genel,pozitif,pozitif
Ürün mükemmel çok hızlı kaliteli tasarım şık fıyatıda uygun,kalite,pozitif,pozitif
Çok begendim ince kullanışlı kesinlikle alın kaliteli,genel,pozitif,pozitif
Ürünün Faturası elime ulaşmadı,genel,negatif,negatif
abi bu ne ya 5 para etmez bu ürün. Yazık değil mi bize. zaten bir hafta da ancak geldi. çıka çıka tam bir hayal kırıklığı çıktı.  en az 3 saat sürdü yüklenip aç,genel,negatif,negatif
Çok güzel mesaj okuyor aramaları komutla açabiliyorsun  karşı tarafında şeninde sesin çok temiz ve güzel gidiyor,ses_goruntu,pozitif,pozitif
bu fiyata alınacak en iyi kulaklıkdır,fiyat,pozitif,notr
Ürün çok geç teslim edildi. üstelik hicbirsekilde sabitlenmemisti kutunun içinde sallana sallana gelmiş. Bu günlerde trendyol saticisindan aldığım her şeyde sor,ambalaj,negatif,negatif
ilk basta saticiyla biraz sorun yaşadık ama stogumuz kalmadi dediler ama geri gönderdiler,genel,negatif,negatif
"Ben telefonun kamerasını beğenmedim, şarjı da bir günü ancak çıkarıyor. İmkanı olanlar bir üst telefonlara yönelsinler.",batarya,negatif,negatif
Ürünü doğru düzgün paketlemediğiniz gibi kurye de sanki içinde mikrop varmış gibi 2 tane telefon olan poşetin ucundan tuttuğu için paket yere düştü. 300 400 tll,ambalaj,negatif,negatif
çok çabuk ısınıyor,batarya,negatif,negatif
ürün gayat güzel   kargo çok hızlı ilandaki gibi bir günde elime ulaştı paketleme gayet düzgün ve sağlamdı  tavsiye ederim,ambalaj,pozitif,pozitif
Güzel iyi paketleme.,ambalaj,pozitif,pozitif
Hızlı geldi severek kullanıyorum,kargo,pozitif,pozitif
Gayet hızlı geldi. Sevgilime aldım. Memnun kaldık teşekkür ederizz,kargo,pozitif,pozitif
8 ay oldu alalı pil sağlığı %88. Çok hızlı düşüyor pili.,batarya,negatif,negatif
Daha önce trendyoldan telefon almıştım memnun kaldığım için tekrar sipariş verdim fakat bu sefer ürün kusurlu geldi iade eder etmez para iadesi yapıldı çözüm hı,kargo,notr,negatif
Hayaldi gerçek oldu,genel,pozitif,notr
Kargo kutusu içinde hiçbir patpata ya da koruyucu malzemeye sarılmadan gönderildi. Sanki manavdan elma alıyoruz işinizi düzgün yapın,kargo,notr,notr
"Hızlı kargo, özenli paketleme, orijinal ürün 👏",kalite,pozitif,pozitif
öncelikle satıcıya çok tesekkür ederim bizi iade konusunda mağdur etmediği için.  Bilgisayar çok yavaş kurulum yapamadık. tercihimize göre iade ettik başka mode,genel,pozitif,negatif
"ses kalitesi çok iyi , Xiaomi 15 ultra ile sorunsuz çalışıyor.",ses_goruntu,pozitif,pozitif
Belki benle alakalı olabilir ama kulağıma büyük geldi,genel,notr,negatif
"Başarılı ürün, fiyat performans ürünü ses kalitesi malzeme kalitesi iyi 👍",fiyat,pozitif,pozitif
ürün içeriğinde garanti belgesi çıkmadı nasıl tedarik ederim bilmiyorum,genel,negatif,negatif
Kargom geldi çok beğendik fiyat performans ürünü,fiyat,notr,pozitif
Apple kaliteli tabiki tartışılmaz severek kullanıyorum:),kalite,pozitif,pozitif
fiyat performans ürünü,fiyat,pozitif,notr
Arkadaşlar hiçbişekilde bilgisayarın dilini Türkçeye çeviremedim,genel,notr,negatif
Ürün gayet sağlam kurulum kolay paketleme gayet iyiydi...,ambalaj,pozitif,pozitif
Paketleme güzeldi,ambalaj,pozitif,pozitif
Samsung Kalitesi,kalite,pozitif,pozitif
Çok hızlı kargoydu dün sipariş verdim bugün elimdeydi . Güzel notunuz için teşekkür ederim 🙏 . Kardeşim kullanıyor çok memnun kardeşimden dolayı aldım,kargo,pozitif,pozitif
ürün gayet çok iyi sesi net ama bir sıkıntı var kulaklığı kulağıma taktığımda telefona bağlanım geri çıkıyor eğer böyle sıkıntısı olmasaydı 5 yıldızı hak ediyor,ses_goruntu,notr,pozitif
ürün guzel bir şekilde paketlenmiş ve sağlam elimize geçti...,ambalaj,pozitif,pozitif
ürün gayat güzel   kargo çok hızlı ilandaki gibi bir günde elime ulaştı paketleme gayet düzgün ve sağlamdı  tavsiye ederim,kargo,pozitif,pozitif
"Ürün harika, paketlemesi çok iyi , satıcı çok ilgili , sadece kargo çok geç geldi onun için 4 yıldız veriyorum",ambalaj,pozitif,negatif
Ürün geldi kaliteli duruyor anneme hediye olarak aldım umarım oda beğenir. Bir yıldızi kulaklığın birinden az ses geliyor onun için kırdım,kalite,pozitif,pozitif
rahat konuşamıyorum. karşı taraf sesin çok az ve kötü geldiğini söylüyor. iade etmediğim için pişmanım.,ses_goruntu,negatif,negatif
Bugün geldi bi tık yavaş ama gayet güzel saglam bi şekilde ulaştı fare içinde ayrıca teşekkür ederim,kargo,pozitif,pozitif
sesi çok yüksek gelmedi sadece bunun dışında beğendim,genel,pozitif,pozitif
çok memnunuz teşekkürler,genel,pozitif,pozitif
Ürün gerçekten f/p ürünü.Bağlantısı da kolay oldu uygulaması sayesinde ses kalitesini de beğendik şarjı 4 gündür henüz bitmedi kutusu da küçük ve zarif anneme a,batarya,negatif,pozitif
Oğlum için aldım beğendim sorunsuz geldi ama şarj aleti çıkmadığı için biraz gayrıddi geldi alanlar göz önünde bulundurarak alsın derim,genel,pozitif,pozitif
Sakın almayın ilgisiz satıcı,genel,negatif,negatif
Harika paketlenmiş ürün hasarsız ulaştı elime 2 günde geldi teşekkür ediyorum,ambalaj,pozitif,pozitif
2 sene önce de yine burdan almıştım fakat kardeşim kaybettiği için yeniden almak zorunda kaldım. Aşırı memnunum şimdiye kadar bir problem yaşamadım,genel,pozitif,negatif
Tam fiyat performans ürünü. şimdiye kadar aldığım en iyi kulaklık. Aslında önceki kulaklığım kaybolunca yenisini alana kadar idare etsin diye almıştım. Şarjı uz,batarya,pozitif,pozitif
ürün güzel iyi çalışıyor bir sıkıntı yok paketleme güzeldi,ambalaj,pozitif,pozitif
"Ses kalitesi gayet iyi. Paketlemede özenliydi , teşekkürler .",ambalaj,pozitif,pozitif
airpods kalitesi. cok güzel bir kulaklık ama benim siparisimden kılıf cikmadi.,kalite,pozitif,pozitif
Media markt tan aldım kulaklığın garantisi 1.5 ay önce başlamış gözüküyor.,genel,negatif,notr
"Ürün çok kısa sürede, sapasağlam elime ulaştı teslimat hızı mükemmel.Kulaklığın ses kalitesi ve malzeme yapısı fiyatının çok üzerinde, gerçekten kaliteli hisset",kargo,pozitif,pozitif
"yorum yapmadan önce 5 gün kullandım. cihaz çabuk ısınıyor, şarjı iyi gidiyor, daha çoğu şey indirmememe rağmen kasıyor biraz. bu yüzden bir puan kırdım. genel o",genel,negatif,negatif
cok iyi cok begendim,genel,pozitif,pozitif
cihaz arızalı sol kulaklik yüzde 90 dan fazla şarj almıyor 5 dk sonra bitiyor temsilcilerin yanlış yonlendirmesiyle bosa geçen 1 aylik bir iade talep süreci olu,batarya,negatif,negatif
"Sağ kulaklık çalışmıyor, acil bir şekilde değişimini talep ediyorum.",genel,negatif,negatif
bağlantı kopmaları yaşıyorum sürekli ama fiyatına göre çok iyi 1 ay oldu alalı hiç şarjı bitmedi,fiyat,pozitif,negatif
Ürün paketlemesi çok güzel ve problemsiz geldi 👍,kargo,pozitif,pozitif
Cihazımın alt kısmında kasasında lekeler ve izler var. Bu cihaz kullanılmış gibi. Satıcının sorunumu gidermesini talep ediyorum . Fotoğraf ektedir.,kalite,negatif,negatif
Merhaba sizden yeni aldığım Casper Nirvana bilgisayarın resmi web sitesinde şarj süresi 8-10 arasında belirtiliyor ancak maximum 4 saat sonunda şarjı bitiyor. N,batarya,negatif,negatif
Kardeşim için aldık paketlemesi güzeldi fiyat performans,fiyat,notr,pozitif
güzel telefon ucuz da yani ayrıca kamerası çok güzel çekiyor. fazla para verip başka  telefon almaya gerek yok yani. gerçi bizde fazla parada yok zaten o da far,ses_goruntu,pozitif,pozitif
Ürün güzel hakkını veriyor elime ulaştı fakat yani bizler zor geçinen insanlarız yanına bir kılıf hediye olarak koysaydınız ne olurdu veyahut bir şarz başlığı,kargo,pozitif,pozitif
kesinlikle çok kötü 1 yıl içinde bozuldu almayın,kalite,negatif,negatif
Ürün de çok donma var ve çok çabuk ısınıyor,genel,negatif,negatif
aldığım ürünün klavyesi çalışmıyor ve çok donuyor hiç beğenmedim tavsiye etmiyorum,kalite,negatif,negatif
beğendim beklediğim gibi geldi,genel,pozitif,pozitif
Çok beğendim 😊,genel,pozitif,pozitif
Biraz yavaş ama güzel beğendim,genel,pozitif,negatif
Hard disk olanı almıştım fakat bana ssd olmayanı gönderilmiş bir türlü kurulum yapamadık iade ettim Casper kalitesi diye düşünmüştüm rezil olduk paramızla,genel,negatif,negatif
Ürunu begendim fakat bazen sesimin karsi tarafa boguk gittigini soylediler umarim urun disi bir durumdan kaynaklidir onun disinda bence gayet yeterli ve iyi,ses_goruntu,negatif,pozitif
Çok hızlı bi şekilde gayet güzel paketlenmiş şekilde geldi süper tek sorun slikonsuz olması ben sonradan fark ettim ama alışıyosun,ambalaj,pozitif,pozitif
Gayet sağlam ve çabuk ulaştı elime. Çok memnunum,kalite,pozitif,pozitif
sevgilime aldim guzel ses duzeyi,ses_goruntu,pozitif,pozitif
Güzel kardeşim için aldık dersleri için,genel,pozitif,pozitif
Kargo çok zor ulaştı kutu da ezilmişti,ambalaj,negatif,negatif
abi bu ne ya 5 para etmez bu ürün. Yazık değil mi bize. zaten bir hafta da ancak geldi. çıka çıka tam bir hayal kırıklığı çıktı.  en az 3 saat sürdü yüklenip aç,kargo,negatif,negatif
5 sınıf oğlum için aldık. Memnunuz,genel,notr,pozitif
Bana geldiği tarihten 3 ay önce garanti süresi başlatılmış olarak geldi.,genel,negatif,notr
Dün elime geçti çok güzeeeelll.  herhangi bir problem yok şimdilik. içerisinden ara kablo çıkmasına sevindim. Fiyat güncellemesinden önce aldığım için de🤌🏻,fiyat,notr,pozitif
Paketleme ve kargolama çok iyi  teslim çok hızlı kesinlikle bu satıcıdan alın herhangi bir sorun ile karşılaşmadığım için öneriyorum faturası  e postayla iletiy,kargo,pozitif,pozitif
görünüşü boyutu falan bayağı iyi ancak hızıni hiç beğenmedim...,genel,pozitif,pozitif
Ses güzel ve sağlam paket elime ulaştı.,ambalaj,notr,pozitif
Bayıldım hem kalite hem orijinallik apple şaşırtmıyor ;),genel,pozitif,pozitif
ürün geldi. Şarja takınca sadece pil % 1 gösteriyor,batarya,negatif,negatif
Ürün olması gerektiği gibi gayet güzel,genel,pozitif,pozitif
memnun kaldik,genel,pozitif,pozitif
ALMAYIN SAKIN !!! Ben aldım ancak gelen cihazın garanti süresi 15 ay kalmış ve ekran sarı ekran dı güvenmeyin,kalite,negatif,negatif
Ürün beğendim orjinalliğini kontrol ettim yorumuma ekleme yapıyorum kullanmaya başladım ses kalitesini beğenmedim müzik dinlerlen boğuk boğuk geliyor ayrıca tel,genel,pozitif,negatif
Çok iyi çok rahat sorunsuz ve hızlı kargo ..,kargo,pozitif,pozitif
Paketleme çok özensizdi telefonun kutusunda ezikler vardı,ambalaj,negatif,negatif
Ürün 2 günde elime ulaştı. Orijinal kapalı kutusunda geldi. Ses kalitesi mükemmel yalnız müzik dinlerken kısa süreli ses gidip geliyor. Elektronik arızası var .,ses_goruntu,pozitif,pozitif
"Tatmin edici bi ses özelliği yok,normal işinizi görecek bi ürün fazla beklentiniz olmasın.",batarya,negatif,negatif
Ürünü yeni aldım fakat %100 kullanmadığım halde %70lere kadar kullanıp tekrar kutusuna koymam gerekiyor aksi takdirde dışarıda durduğunda şarjı 3-5 saate bitiyo,batarya,negatif,negatif
Sorunsuz şekilde elime ulaştı satıcıya teşekkür ederim her şey mükemmel,kargo,pozitif,pozitif
ürün kargo hızı mükemmel onun dışında aşırı donuyor kurulumu daha yapamadım...,genel,negatif,pozitif
Ürün güzel sağlam geldi paketlemesi çok iyi kurulumu da kolay oldu sadece arada kasıyor ve biraz yavaş ama iş görür,ambalaj,pozitif,pozitif
Cok guzel klasik apple kalitesi her donemde her senede alinir kesinlikle,kalite,pozitif,pozitif
Korkarak almıştım sorunsuz geldi paketleme de güzel tavsiye ederim,genel,pozitif,pozitif
6saat  kullandim 100de 40a geldi şarz mükemmel  agry yok biraz konuşmada ses gönderince biraz diş görinti kapatmaz ama harika,genel,pozitif,pozitif
ürün iyi paketleme güzeldi severek kullanıyorum,ambalaj,pozitif,pozitif
Beğendim hediye olarak almıştım. Güzel,genel,pozitif,pozitif
fiyat performans olarak gayet iyi tam öğrenci bilgisayari,fiyat,pozitif,pozitif
Güzel buldum,genel,pozitif,pozitif
hayatımda gördüğüm en kötü bilgisayar şarjı çabuk bitiyor donuyor hiç Bir uygulamaya inmiyor,batarya,negatif,negatif
Hızlı ve ambalajı sağlam sıkıntısız bir şekilde geldi ve memnunum,kargo,pozitif,pozitif
Aldığıma en pişman olduğum ürün resmen ya. Tamamen satıcısından kaynaklı bir durum almak isteyen gitsin mağazadan alsın. Alalı 2 ay olmadan karşıya sesi iletmem,ses_goruntu,notr,negatif
Çok kötü bir ürün sesi dışarı veriyor iade ettim hala değerlendirmede kaç gün geçti almayın aldırmayın,genel,negatif,negatif
Paketleme güzel kargo hızlıydı fakat ilk günden itibaren aramalarda sesim karşı tarafa gitmiyordu iade etmek zorunda kaldım üzgünüm,ambalaj,pozitif,negatif
ürünü yeni aldım ürün güzel bir sıkıntı gözükmüyor şimdilik hızlı geçişler kullanım i iyi,genel,pozitif,pozitif
kuzenim üniversite için almıştı çok memnun kalınca bana da tavsiye etti...,genel,pozitif,pozitif
batarya bozuk geldi üründe sorun yoktu servis uyarısı verdi geri iade talebi oluşturdum.,kalite,pozitif,negatif
Mükemmel geldi ses kalitesi efsane ve telefonla da güzelce konuşuluyor,genel,pozitif,pozitif
Ürün istediğim ses kalitesinde olmadığı için iademi kabul etmediler tredyol beni aradı kendileri de değil alıcak olan kişiler biraz daha para verip kaliteli ola,ses_goruntu,negatif,negatif
Ekimde dolması gereken garantim nisan ayında bitti bu durumdan şikayetçiyim şuan airpodsum bozuldu ve tamir için para ödemek zorundayım her türlü yola başvuraca,genel,negatif,negatif
ürün iyi paketleme güzeldi severek kullanıyorum,genel,pozitif,pozitif
Güzel ürün ben ders çalışmak için almıştım işimi görüyor,genel,pozitif,notr
indirmde eşime hediye almıştım çok memnun kaldık,genel,pozitif,pozitif
iyi değil tuhaf ses çıkıyor,ses_goruntu,negatif,negatif
güzel geldi,genel,pozitif,pozitif
Bilgisayar gerçekten cok donuyor iade edicem,genel,negatif,negatif
küçük bir telefonu kocaman  karton kutuya koyup göndermek.  koruyucu poset dahi yoktu telefon kutunun içerisinde bi oyana bi bur yana sağlıksız geldi kargoda,ambalaj,notr,negatif
Paketleme iyiydi. Sapa saglam geldi. Sevgilime almistim cok mutlu oldu,kalite,pozitif,pozitif
sevgilimin kulaklığı bozulmuştu ona aldım çok memnun paketlemesi falan da cok guzeldi,ambalaj,pozitif,pozitif
telefon güzel fiyatına göre ama şarj adaptörü çıkmadı içinden,fiyat,pozitif,negatif
Ürün güzelce paketlenmiş elime ulaştı teşekkürler ama aras kargo çok uğraştırdı,kargo,negatif,pozitif
sağlam kargo ve güzel paketleme kurulumlu geldi çok begendim sadece bir tık yavaş,genel,negatif,pozitif
Güvenilir ve hızlı bi şekilde geldi problemi yok cihazın tavsiye ederim,genel,pozitif,pozitif
Gayet güzel bir paketleme ile geldi tercih edebilirsiniz,ambalaj,pozitif,pozitif
Basit işler için ideal. Ekrana bayıldım çerçeveler oldukça ince iş görür.,ses_goruntu,pozitif,notr
çok güzel şık ve kullanışlı tavsiye ederim almak isteyen alsin bende okul için aldım tavsiye ederim,genel,pozitif,pozitif
"google de sekmeler açtığınızda birden cok , hemen kasıyor...",genel,negatif,negatif
kulaklik geldi fakat sol kulaklik calismiyor hic ses yok iade  talebi olusturdum sonucu bekliyorum,ses_goruntu,negatif,negatif
güzel paketlenmiş,ambalaj,pozitif,pozitif
PC kurulumunu yaptıktan sonra pil seviyesi servis gösteriyordu iade ettim geri yolladılar PC yi sıfırlayıp geri yollamam söylendi sıfırladım ve tekrar yolladım,genel,negatif,negatif
Aşırı yavaş ya,genel,negatif,negatif
Uzun zamandır kullanıyorum ses kalitesinden memnunum,genel,pozitif,pozitif
Ürün sağlam eksiksiz geldi çok güzel paketleme teşekkür ederim güvenle almanızı tavsiye ederim,kalite,pozitif,pozitif
çok memnun kaldım kargo cok hızlıydı sapasağlam geldi,kargo,pozitif,pozitif
en alt seviye şarkı aralıksız 4 saat gidiyor şimdilik sadece internet ve film izliyorum oyun oynamadım oynamaz sanırım,batarya,notr,negatif
Kutuya bile koymamışlar böyle sarıp göndermişler.,genel,negatif,negatif
pil ömrü zayıf ve çogu şey yüklenmiyor eba bile,genel,negatif,negatif
Ben aldıktan 1 gün sonra fiyatı 300 tl düştü inanılmaz sinirim bozuldu. Paketleme de şaka gibiydi sanki telefon değildi çorap aldık öyle bir paket,fiyat,negatif,negatif
Hepsi cok iyi çok teşekkür ederim 🙏🏿,genel,pozitif,pozitif
Ürünü alırken başlarda tereddüt etmiştim alsam mı almasam mı diye kararsız kalmıştım. Laptop kurulumu kendisi yapıyor Şarjı dayanaklı Paketleme kusursuz yapılmı,ambalaj,pozitif,notr
almayın arkadaşlar satıcı ile ilgili bir problem yok sorun kulaklıkta dışarıya çok ses veriyor,ses_goruntu,negatif,negatif
apple kalitesi mükemmel şarj kullanım süresi de harika,kalite,pozitif,pozitif
Alalı 20 gün oldu kamera bozuldu ön kamera açılmıyor,genel,negatif,negatif
Gayet basarili ve sorunsuz elime ulasti alacaklara simdiden hayirli olsun,kargo,pozitif,pozitif
Özenle paketlenmiş ve İyiki almışım çok memnunum tavsiye ederim 👍,genel,pozitif,pozitif
37.500 para verdik insan bi paketlemeye özen gösterir şampuan almıyoruz telefon alıyoruz kargocular zaten paketleri futbol topu gibi kullanıyor henüz kullanmaya,kargo,negatif,negatif
güzel bi kulaklık sorunsuz geldi teşekkürler,genel,pozitif,pozitif
Apple’ın sevmediğim yanı bir ürününü alıyorsun eksikleri hiç bitmez…şarj kablosunu da bi zahmet kulaklıla üretip ayni kutuda yollasaydınız,genel,negatif,notr
Beğendim satıcının paketlemesi de iyiydi,ambalaj,pozitif,pozitif
bi ton para verip içinde şarz adaptörü olmaması çok yanlış ayrıyeten para verip adaptör almak doğru değil,fiyat,negatif,negatif
Ben çok beğendim almak isteyip tereddütte kalan arkadaşlarıma kesinlikle tavsiye ediyorum,genel,pozitif,pozitif
kararsiz bi urun bi gun cok guzel calisiyo bi gun sesi biraz iisik oluyo bi gun kulakliklarin birine hic ses gelmiyo iutuya koyup beklediginizde duzeliuo duzgun,ses_goruntu,pozitif,negatif
orjinal ürün hızlı teslimat ve diğer satıcılara göre uygun fiyat. insan bı hediye kılıf ekran koruyucu koyardı ama,kalite,pozitif,pozitif
Ürün güzel ama kargolama sıfır. Patpat ı hediye olarak göndermişler herhal telefon ayrı yerde pat pat ayrı yerde. Trendyol şikayetin çok kargolama ya dikkat et,genel,negatif,negatif
"Çok kötü daha 1 ayı bitmeden kasmaya başladı, bilgisayardan ses gelmiyor ALMAYIN aldırtmayın!!!!!  çok kötü aldığıma çok pişmanım",ses_goruntu,negatif,negatif
Ürün sorunsuz bir şekilde teslim edildi.Mağazalara göre fiyatı uygun,fiyat,pozitif,pozitif
EKRANDA ARADA BİR  DALGALANMALI PİKSELLEŞME VAR...,genel,negatif,negatif
"İyi gibi , şarjı hızlı bitiyor sanki …",batarya,negatif,negatif
severek kullanıyorum sarjı iyi gidiyor,batarya,pozitif,pozitif
ürünün e faturasında imei bilgisi yazmıyor telefon desteği başvurusunda bulunucam yardımcı olur musunuz lütfen,genel,notr,negatif
çok güzel  kargo hizli ve özenliydi teşekkürler,ambalaj,pozitif,pozitif
Çok memnunum. Şarz kalitesi çok iyi. Tavsiye ederim.,kalite,pozitif,pozitif
ürün iyi orijinal kesinlikle ama çiziliyor çabuk,genel,pozitif,negatif
malesef böyle rezil bir şey görmedim 3 saattir ugrasiyoruz bi oturum acmadi bi İnternet bağlantısı yok diyip duruyor yorumlara da baktım malesef kronik sorunu b,genel,negatif,negatif
1 ay deneyip öyle yorum yapmak istedim ses kalitesi çok iyi hergün film ve müzik dinliyorum haftada 1 şarj ediyorum gayet uzun süre godiyorhızlıbteslimat için t,batarya,pozitif,pozitif
genel olqrak güzel tavsiye ederim,genel,pozitif,pozitif
